codon,codon_abuns
AAA,0.051300814760653235
AAC,0.013777026686103267
AAG,0.01578829016968318
AAT,0.03948665842029375
ACA,0.021609196370800113
ACC,0.007444726845909283
ACG,0.0045105666921999325
ACT,0.020878176361305706
AGA,0.021658299313846528
AGC,0.006364805097927652
AGG,0.005205032174237207
AGT,0.014065866559361519
ATA,0.02438300697181934
ATC,0.01272437556612642
ATG,0.02338452030856444
ATT,0.04106591329099672
CAA,0.021449447286865528
CAC,0.005343665508390065
CAG,0.008864916867265482
CAT,0.012587066026038629
CCA,0.016867981782062464
CCC,0.004004260137420893
CCG,0.003816276089707221
CCT,0.014793337836719676
CGA,0.003937705391487775
CGC,0.0028268705244160136
CGG,0.001728032100186155
CGT,0.004889307877548223
CTA,0.011252263367116308
CTC,0.005994213887186456
CTG,0.006647672908217838
CTT,0.019945978156811855
GAA,0.0457630879199395
GAC,0.014470697421437178
GAG,0.018765449823376055
GAT,0.0445018187294816
GCA,0.028266189330040013
GCC,0.008665350209312844
GCG,0.006870031514343207
GCT,0.02523551418438889
GGA,0.02812685794728491
GGC,0.01064655851227419
GGG,0.007128134029801495
GGT,0.028988111194489075
GTA,0.019123994625691185
GTC,0.007806379507559242
GTG,0.007869107183660812
GTT,0.02899383284170593
TAA,0.0012489291607460792
TAC,0.009259967407114388
TAG,0.0003692259746327921
TAT,0.02310084158623484
TCA,0.02182233926579975
TCC,0.005239167485675335
TCG,0.0043307017579972545
TCT,0.020365765775633368
TGA,0.00044800259636694023
TGC,0.0029572151559869296
TGG,0.011958563932550166
TGT,0.006711155064640243
TTA,0.03451780327535449
TTC,0.011046678501509056
TTG,0.012810221730188972
TTT,0.03399603501751437