mutation_type,mut_abuns
AC,0.03705590925888444
AG,0.12955787291672896
AT,0.09447785344027515
CA,0.0471453869122897
CG,0.019281601666279798
CT,0.17296956046338086
GA,0.12987215461705054
GC,0.019030596593536998
GT,0.046052223903729345
TA,0.09728653937307573
TC,0.16834884969431455
TG,0.03892145116045404
